{
  "i18n/i18n.properties": 1712054560742,
  "test/integration/opaTests.qunit.js": 1712054481767,
  "test/integration/pages/RisksList.js": 1712054481795,
  "test/integration/pages/RisksObjectPage.js": 1712054481795,
  "test/integration/FirstJourney.js": 1712054481811,
  "test/testsuite.qunit.js": 1712054481739,
  "xs-app.json": 1712128343356,
  "manifest.json": 1712127154401,
  "Component.js": 1712054481491,
  "test/testsuite.qunit-dbg.js": 1712054481739,
  "test/testsuite.qunit.js.map": 1712128359146,
  "test/integration/pages/RisksList-dbg.js": 1712054481795,
  "test/integration/pages/RisksList.js.map": 1712128359141,
  "test/integration/pages/RisksObjectPage-dbg.js": 1712054481795,
  "test/integration/pages/RisksObjectPage.js.map": 1712128359150,
  "test/integration/FirstJourney-dbg.js": 1712054481811,
  "test/integration/FirstJourney.js.map": 1712128359154,
  "test/integration/opaTests.qunit-dbg.js": 1712054481767,
  "test/integration/opaTests.qunit.js.map": 1712128359146,
  "Component-dbg.js": 1712054481491,
  "Component.js.map": 1712128359149,
  "Component-preload.js": 1712128359526,
  "Component-preload.js.map": 1712128359526,
  "test/integration/opaTests.qunit.html": 1712054481767,
  "test/testsuite.qunit.html": 1712054481723,
  "test/flpSandbox.html": 1712054481723,
  "index.html": 1712054481491
}